{
  "model_path": "/static/models/6493143135142452442.vrm",
  "position": {
    "x": 0.05377300392496076,
    "y": 0.40024374496696374,
    "z": -0.12062255658410502
  },
  "scale": {
    "x": 0.5,
    "y": 0.5,
    "z": 0.5
  },
  "rotation": {
    "x": 0,
    "y": 0,
    "z": 0
  },
  "viewport": {
    "width": 1536,
    "height": 864
  },
  "camera_position": {
    "x": 0.16884139717467886,
    "y": 1.0618188562322861,
    "z": -1.0774555362896119,
    "qx": -0.00360917014277357,
    "qy": 0.9963413568774889,
    "qz": 0.06514578166892242,
    "qw": 0.0551987463367591,
    "targetX": 0.0676573424274499,
    "targetY": 0.9415201971400918,
    "targetZ": -0.16706866050553443
  }
}